Experiment,Type,N,E,K,|S|,|W|,|P|,|U_tilde|,Dijkstra Time (s),Pivots Time (s),Bellman-Ford Time (s)
2_Sensitivity,sparse,10000,20000,2,74,74,0,102,0.076327,0.028750,N/A
2_Sensitivity,sparse,10000,20000,4,74,74,0,102,0.076327,0.022092,N/A
2_Sensitivity,sparse,10000,20000,6,74,74,0,102,0.076327,0.020958,N/A
2_Sensitivity,sparse,10000,20000,8,74,74,0,102,0.076327,0.021477,N/A
2_Sensitivity,sparse,10000,20000,10,74,74,0,102,0.076327,0.019383,N/A
2_Sensitivity,sparse,10000,20000,12,74,74,0,102,0.076327,0.019429,N/A
2_Sensitivity,sparse,10000,20000,14,74,74,0,102,0.076327,0.018538,N/A
2_Sensitivity,sparse,10000,20000,16,74,74,0,102,0.076327,0.020388,N/A
